{
  "w": 0.0,
  "book_val": {
    "LogLoss": 0.5835419751324551,
    "Brier": 0.20101021138182518,
    "AUC": 0.6804215659196129,
    "n": 2352
  },
  "book_test": {
    "LogLoss": 0.5791847093164203,
    "Brier": 0.1982096908494118,
    "AUC": 0.6655014161530292,
    "n": 2376
  },
  "model_val": {
    "LogLoss": 0.6100261381702342,
    "Brier": 0.21124287725451713,
    "AUC": 0.6138924235848064,
    "n": 2352
  },
  "model_test": {
    "LogLoss": 0.6038526517719068,
    "Brier": 0.2081430684681777,
    "AUC": 0.5986881382756561,
    "n": 2376
  },
  "blend_val": {
    "LogLoss": 0.5835419751324551,
    "Brier": 0.20101021138182518,
    "AUC": 0.6804215659196129,
    "n": 2352
  },
  "blend_test": {
    "LogLoss": 0.5791847093164203,
    "Brier": 0.1982096908494118,
    "AUC": 0.6655014161530292,
    "n": 2376
  }
}