{"val_book":{"logloss":0.5835419751,"brier":0.2010102114,"auc":0.6804215659,"n":2352},"test_book":{"logloss":0.5791847093,"brier":0.1982096908,"auc":0.6655014162,"n":2376},"val_model":{"logloss":0.6100261373,"brier":0.2112428773,"auc":0.6138924236,"n":2352},"test_model":{"logloss":0.6038526518,"brier":0.2081430685,"auc":0.5986881383,"n":2376},"delta_val":{"d_logloss":-0.0264841622,"d_brier":-0.0102326659},"delta_test":{"d_logloss":-0.0246679425,"d_brier":-0.0099333776}}