{"metrics_book_val":{"logloss":0.5835419751,"brier":0.2010102114,"auc":0.675398653,"n":2352},"metrics_book_tst":{"logloss":0.5791847093,"brier":0.1982096908,"auc":0.6586641325,"n":2376},"metrics_model_val":{"logloss":0.6110809475,"brier":0.211567013,"auc":0.6049749088,"n":2352},"metrics_model_tst":{"logloss":0.6072967326,"brier":0.2086207439,"auc":0.5832824412,"n":2376},"delta_val_logloss":-0.0275389724,"delta_test_logloss":-0.0281120232,"delta_val_brier":-0.0105568016,"delta_test_brier":-0.010411053}