feature,|AUC-0.5|
A_rank,0.07891678634510307
rank_diff,0.06230087984284982
A_age,0.020719226134469027
B_rank,0.020237623598936993
age_diff,0.014056851384143032
best_of,0.014014757589263627
surf_clay,0.010320408062199804
surf_grass,0.007207943346704326
surf_hard,0.003112464715495422
round_ord,0.002646956866240835
B_age,0.002188051965202442
surf_carpet,0.0
