{"metrics_book_val":{"logloss":0.5835419751,"brier":0.2010102114,"auc":0.675398653,"n":2352},"metrics_book_tst":{"logloss":0.5791847093,"brier":0.1982096908,"auc":0.6586641325,"n":2376},"metrics_model_val":{"logloss":0.2874880534,"brier":0.0949633151,"auc":0.9328323346,"n":2352},"metrics_model_tst":{"logloss":0.3118237145,"brier":0.1027004428,"auc":0.9171114685,"n":2376},"delta_val_logloss":0.2960539217,"delta_test_logloss":0.2673609949,"delta_val_brier":0.1060468963,"delta_test_brier":0.095509248}